"First Name","Whatsapp Contact","Email Contact","Sms Contact","Last Name"
"Charlie","14694626","Random42@mail.com","84654017","Nelson"
"John","12345678","john@example.com","98765432","Doe"
"Alice","23456789","alice@example.com","87654321","Smith"
"Michael","34567890","michael@example.com","76543210","Johnson"
"Samantha","45678901","samantha@example.com","65432109","Williams"
"Ethan","56789012","ethan@example.com","54321098","Brown"
"Emily","67890123","emily@example.com","43210987","Jones"
"Daniel","78901234","daniel@example.com","32109876","Garcia"
"Olivia","89012345","olivia@example.com","21098765","Martinez"
"Matthew","90123456","matthew@example.com","10987654","Hernandez"
"Emma","01234567","emma@example.com","09876543","Lopez"
"Christopher","12340123","christopher@example.com","98765432","Gonzalez"
"Madison","23451234","madison@example.com","87654321","Wilson"
"Andrew","34562345","andrew@example.com","76543210","Anderson"
"Hannah","45673456","hannah@example.com","65432109","Thomas"
"David","56784567","david@example.com","54321098","Taylor"
"Ava","67895678","ava@example.com","43210987","Moore"
"James","78906789","james@example.com","32109876","Jackson"
"Abigail","89017890","abigail@example.com","21098765","White"
"Joseph","90129012","joseph@example.com","10987654","Harris"
"Isabella","01230123","isabella@example.com","09876543","Martin"
"Ryan","12341234","ryan@example.com","98765432","Thompson"
"Mia","23452345","mia@example.com","87654321","Garcia"
"John","34563456","john@example.com","76543210","Davis"
"Sophia","45674567","sophia@example.com","65432109","Anderson"
"William","56785678","william@example.com","54321098","Martinez"
"Elizabeth","67896789","elizabeth@example.com","43210987","Wilson"
"Alexander","78907890","alexander@example.com","32109876","Taylor"
"Charlotte","89019012","charlotte@example.com","21098765","Moore"
"Elijah","90120123","elijah@example.com","11098765","Jackson"
"Amelia","01231234","amelia@example.com","21098765","Harris"
"Benjamin","12342345","benjamin@example.com","09876543","Martin"
"Mason","23453456","mason@example.com","98765432","Thompson"
"Evelyn","34564567","evelyn@example.com","87654321","Garcia"
"Chloe","45675678","chloe@example.com","76543210","Davis"
"Logan","56786789","logan@example.com","65432109","Anderson"
"Grace","67897890","grace@example.com","54321098","Martinez"
"Carter","78909012","carter@example.com","43210987","Wilson"
"Sofia","90120123","sofia@example.com","32109876","Taylor"
"Jackson","01231234","jackson@example.com","11098765","Moore"
"Harper","12342345","harper@example.com","09876543","Jackson"
"Lucas","23453456","lucas@example.com","98765432","Harris"
"Avery","34564567","avery@example.com","87654321","Martin"
"Evelyn","45675678","evelyn@example.com","76543210","Thompson"
"Scarlett","56786789","scarlett@example.com","65432109","Garcia"
"Sebastian","67897890","sebastian@example.com","54321098","Davis"
"Riley","78909012","riley@example.com","43210987","Anderson"
"Zoey","90120123","zoey@example.com","32109876","Martinez"